<?xml version="1.0" encoding="UTF-8"?>
<project-private xmlns="http://www.netbeans.org/ns/project-private/1">
    <editor-bookmarks xmlns="http://www.netbeans.org/ns/editor-bookmarks/2" lastBookmarkId="0"/>
    <open-files xmlns="http://www.netbeans.org/ns/projectui-open-files/2">
        <group>
            <file>file:/media/asd/765867d4-1645-4f5c-aec7-fdc2c88ff35d/School/BCC/2021_02/programacao_alto_desempenho/Socket_Thread/src/socket_thread/ClienteSocket.java</file>
            <file>file:/media/asd/765867d4-1645-4f5c-aec7-fdc2c88ff35d/School/BCC/2021_02/programacao_alto_desempenho/Socket_Thread/src/socket_thread/ServidorSocket.java</file>
        </group>
    </open-files>
</project-private>
